Sequence_ID,Sequence,Label
seq_458,MEVAELGFPETAVSQSRICLCAVLCGHWDFADMMVIRSLSLIRLEGVEGRDPVGGGNLTNKRPSCAPSPQDLSAQWKQLEDRGASSRRVDMAALFQEASSCPVCSDYLEKPMSLECGCAVCLKCINSLQKEPHGEDLLCCCSSMVSRKNKIRRNRQLERLASHIKELEPKLKKILQMNPRMRKFQVDMTLDANTANNFLLISDDLRSVRSGRIRQNRQDLAERFDVSVCILGSPRFTCGRHCWEVDVGTSTEWDLGVCRESVHRKGRIQLTTELGFWTVSLRDGGRLSATTVPLTFLFVDRKLQRVGIFLDMGMQNVSFFDAESGSHVYTFRSVSAEEPLRPFLAPSVPPNGDQGVLSICPLMNSGTTDAPVRPGEAK,1
seq_653,MTVKWIEAVALSDILEGDVLGVTVEGKELALYEVEGEIYATDNLCTHGSARMSDGYLEGREIECPLHQGRFDVCTGKALCAPVTQNIKTYPVKIENLRVMIDLS,1
seq_8981,MQHNKENHFVEDAKQFQEKAKLYQGNYYTLDGELITIIPSSKEGFRSCKSLYYKKKQPIPGR,0
seq_4375,MGSPEDDLIGIPFPDHSSELLSCLNEQRQLGHLCDLTIRTQGLEYRTHRAVLAACSHYFKKLFTEGGGGTVMGTGGGGTASGGAGAGVCELDFVGPEALGALLEFAYTATLTTSSANMPAVLQAARLLEIPCVIAACMEILQGSGLEAPSPDEDDCERARQYLEAFATATTTASTSGMPNGEDSPPQVPLLPPPPPPPRPVARRSRKPRKAFLQTKGARANHLVPEAPTVLTHPLTYEEEEMVGRLGNSGGSGLGDSYSPPTGAASPAEGPLNYEVFEGEEEEEEMAYPPGYGLAQSNEPSLSPEELGSDEDPIDPDLMAYLSSLHQDALTPGLDGQDKLVRKRRSQMPQECPVCHKIIHGAGKLPRHMRTHTGEKPFACEVCGVRFTRNDKLKIHMRKHTGERPYSCPHCPARFLHSYDLKNHMHLHTGDRPYECHLCHKAFAKEDHLQRHLKGQNCLEVRTRRRRKDDVAAPHYPPPSTTTSSPAGLDLSNGHLDTFHLSLARFWEQSATTGPPVTTQGPPEEEEEEGTPTTPQAEGAMESS,1
seq_10400,MPLTPADVHNVAFSKPPIGKRGYNEDEVDAFLDLVENELTRLIEENADLRQRVAELDQELAAARSGAGASSQATSSIPLYEPEPEPAPAPPQPVYEAPAQPAAPQSEDTAVRAARVLSLAQDTADRLTSTAKAEADKLLSDARAQAEAMVSDARQTAETTVSEARQRADAMLADAQTRSEAQLRQAQEKADALQADAERKHSEIMGTINQQRTVLEGRLEQLRTFEREYRTRLKTYLESQLEELGQRGSAAPVDSSANSDASGFGQFNRGNN,0
seq_7022,MSKIIGKIGRLPKTLYEHKKKTIFFSFLGYLGADWVYRWDRNQGIRKEYAKIAVKYGETTVSPETRPKRVFVLVNVEGNSRGCFDQFNKNALPLFHLAGVQVDVVKADNQAQLEALAGAVDTQEADILYVVGGDGTIGTVVTGIFRNREKAQLPVGFYPGGYDNLWLKRMLPSVFENSDDVRHACETAMAVIEDQKKSVYAFELTTEGSTLAPEYGLGDVSAGWFRQIEDTRKKFWYFSMAKRRWAYFWEMLKRGPAPIECHVEYEETCAGCEKCRPKPIIEAPQWRWWHVLTGTPKYKNNDGQKDYTGIINEKCGEKHELDTHGAEFLIENEQMSDYSQIRFRMGGTDIGRFGVISDGFKRCSEGIVGRSTDEKFYGTDFLANSVAFKISALPSYIHRLYISSNATPKDAELTDRQITIRGTQKKLDIFLPTSIRLEL,0
seq_6520,MHNNYKIAKVYAEGLFEIANTKNSLAEINEQLNSIKSVLKQMPEFYYFLVNPLISQQIKKNTIKIVFNNNLDKITLNFLLILIERRRIIYFYDIVDQFILIWNKATNTSVVEIASVISLTEKQQQYLINKLKEITKANYIKLKLKIDPSLIGGLIIKFGSNLIDLSLKGKLKNSPYI,0
seq_10676,MDQYVSTAPPRFPIAQLGTFKQDSAGMGRIFKGNLLQKKALTTFENEHHIRFFTLLVLFHVMVLLRNHSRIQGVSEDWKRANSIFRNFLRLKSSRNTAEAE,0
seq_262,MSSISNNPDFSSIDPAVLMSLLMKSSGSLPTPPDTHSDGSESPDSTASDSSDKKRRRKPESKDIVRVAEEAEAAAATCSSIPSSSDTKENETEEDQNMTCDTTTNNAQKPTEQTATSADVVTSSVPSGLEGVPSFLFSQFMAPSFQKQLEIFTSGNMMSATHSDTSPSDVDSVLDGGVVTAEETSSSKSPMMTSSDTPKTPLTASSPPHSSGSESRVMSPITHTNISDELSISTTPTVAFTPNGSIPSPGTGYSWSIRREGKLACPTPGCDGSGHQTGLYTHHRSLSGCPRRPDKTVIQMLALRQDTVLRCTTAGCSGKGHVNGNRTSHRSLSGCPIAHQEKLARKGIKTTPQRTKTPIKGISISDECPLDLTLSGLPAGLSAQQLLAAAQAGLIPSSQMMDALFQQFSQTQPLATLEEESKKENEMEVDVETTSDDIPTLIKEEEEVKCESPVPSVIPEIQSTPSRPVAAPVAPGSAEKSSPTSQMLLQMPGFSEALLKMTAPQVPFPQYSPQAALFGNQSALLAQIMLTQLQMQQGF,1
seq_3241,MDVHDLFRRLGAGAKFDTRRFSADAARFQIGKRKYDFDSSEVLQGLDFFGNKKSVPGVCGASQTHQKPQNGEKKEESLTERKREQSKKKRKTMTSEIASQEEGATIQWMSSVEAKIEDKKVQRESKLTSGKLENLRKEKINFLRNKHKIHVQGTDLPDPIATFQQLDQEYKINSRLLQNILDAGFQMPTPIQMQAIPVMLHGRELLASAPTGSGKTLAFSIPILMQLKQPANKGFRALIISPTRELASQIHRELIKISEGTGFRIHMIHKAAVAAKKFGPKSSKKFDILVTTPNRLIYLLKQDPPGIDLASVEWLVVDESDKLFEDGKTGFRDQLASIFLACTSHKVRRAMFSATFAYDVEQWCKLNLDNVISVSIGARNSAVETVEQELLFVGSETGKLLAVRELVKKGFNPPVLVFVQSIERAKELFHELIYEGINVDVIHAERTQQQRDNTVHSFRAGKIWVLICTALLARGIDFKGVNLVINYDFPTSSVEYIHRIGRTGRAGNKGKAITFFTEDDKPLLRSVANVIQQAGCPVPEYIKGFQKLLSKQKKKMIKKPLERESISTTPKCFLEKAKDKQKKVTGQNSKKKVALEDKS,1
seq_3714,MNNNIFSTTTTINDDYMLFPYNDHYSSQPLLPFSPSSSINDILIHSTSNTSNNHLDHHHQFQQPSPFSHFEFAPDCALLTSFHPENNGHDDNQTIPNDNHHPSLHFPLNNTIVEQPTEPSETINLIEDSQRISTSQDPKMKKAKKPSRTDRHSKIKTAKGTRDRRMRLSLDVAKELFGLQDMLGFDKASKTVEWLLTQAKPEIIKIATTLSHHGCFSSGDESHIRPVLGSMDTSSDLCELASMWTVDDRGSNTNTTETRGNKVDGRSMRGKRKRPEPRTPILKKLSKEERAKARERAKGRTMEKMMMKMKGRSQLVKVVEEDAHDHGEIIKNNNRSQVNRSSFEMTHCEDKIEELCKNDRFAVCNEFIMNKKDHISNESYDLVNYKPNSSFPVINHHRSQGAANSIEQHQFTDLHYSFGAKPRDLMHNYQNMY,1
seq_2193,MLLCTARLVGLQLLISCCWAFACHSTESSPDFTLPGDYLLAGLFPLHSGCLQVRHRPEVTLCDRSCSFNEHGYHLFQAMRLGVEEINNSTALLPNITLGYQLYDVCSDSANVYATLRVLSLPGQHHIELQGDLLHYSPTVLAVIGPDSTNRAATTAALLSPFLVPMISYAASSETLSVKRQYPSFLRTIPNDKYQVETMVLLLQKFGWTWISLVGSSDDYGQLGVQALENQATGQGICIAFKDIMPFSAQVGDERMQCLMRHLAQAGATVVVVFSSRQLARVFFESVVLTNLTGKVWVASEAWALSRHITGVPGIQRIGMVLGVAIQKRAVPGLKAFEEAYARADKKAPRPCHKGSWCSSNQLCRECQAFMAHTMPKLKAFSMSSAYNAYRAVYAVAHGLHQLLGCASGACSRGRVYPWQLLEQIHKVHFLLHKDTVAFNDNRDPLSSYNIIAWDWNGPKWTFTVLGSSTWSPVQLNINETKIQWHGKDNQVPKSVCSSDCLEGHQRVVTGFHHCCFECVPCGAGTFLNKSDLYRCQPCGKEEWAPEGSQTCFPRTVVFLALREHTSWVLLAANTLLLLLLLGTAGLFAWHLDTPVVRSAGGRLCFLMLGSLAAGSGSLYGFFGEPTRPACLLRQALFALGFTIFLSCLTVRSFQLIIIFKFSTKVPTFYHAWVQNHGAGLFVMISSAAQLLICLTWLVVWTPLPAREYQRFPHLVMLECTETNSLGFILAFLYNGLLSISAFACSYLGKDLPENYNEAKCVTFSLLFNFVSWIAFFTTASVYDGKYLPAANMMAGLSSLSSGFGGYFLPKCYVILCRPDLNSTEHFQASIQDYTRRCGST,1
seq_1907,MAFEDIPFLQYLGNAVDILLVWYVIYKLIMVIRGTKAVQLLKGIVVIVLVRMASQYLGLSTLQWLMDQAITWGFLAIIIIFQPELRRALEQLGRGRFFSRSGTPVEEAQQKTIEAITKAINYMAKRRIGALLTIERDTGMGDYIETGIPLNAKVSSELLINIFIPNTPLHDGAVIMKNNEIAAAACYLPLSESPFISKELGTRHRAAVGISEVTDSLTIIVSEETGGVSVAKNGDLHRELTEEALKEMLEAEFKKNTRDTSSNRWYWRGKKNG,1
seq_3271,MSDLLLLGLIGGLTLLLLLTLLAFAGYSGLLAGVEVSAGSPPIRNVTVAYKFHMGLYGETGRLFTESCSISPKLRSIAVYYDNPHMVPPDKCRCAVGSILSEGEESPSPELIDLYQKFGFKVFSFPAPSHVVTATFPYTTILSIWLATRRVHPALDTYIKERKLCAYPRLEIYQEDQIHFMCPLARQGDFYVPEMKETEWKWRGLVEAIDTQVDGTGADTMSDTSSVSLEVSPGSRETSAATLSPGASSRGWDDGDTRSEHSYSESGASGSSFEELDLEGEGPLGESRLDPGTEPLGTTKWLWEPTAPEKGKE,1
seq_7625,MWVLALGGAFLAVAKACIFCRLQDHALANRLAQLNNQTKPKWKWKEWASPDFSAFALDEVSMKQVTEKTHRVLRVIEKKGSTSLIPLYWQWLQKTRIPQYTREALCAPVCRGSTILYNCSTCEGKEESCWPQKHCYPDSHDLWDARILLLCIFGIVLLSGVVSLQVEYLNLQAKDL,0
seq_5614,MTAAHKQKAKLLAWLKLILWGDSISQRIFHFYIYCILLGAVLLFLPFALKTDYQKVISYEVDLQGHTISKQTASYGFLDALFLAVSAFSDTGLSTTVVSETYSVFGQTVLAILLQLGGIGFVVIAFLVWRLFKLHKKGKYSFYEKLMLQSERGGSKLGTTSEMIVVSVLFLFMVELLYGFLYTILFYFIPAFESASVFQSSGKVSNQLKALIVDSTKRLPVVHNLNLAFQYGFFHSLSAVNNAGIDLLGANSFAPYRTNWGIVIQWLAISQIIFGGIGYPVLFDAYEAIKKRRLYGKYYKHQFSLFTKLAVLTNLIVTAWCFLMLLMVEFIVITSLTNTIAHLNVEKAYLVEGLKNKSNQELQSLIFGPIPAASRVMQLWFGVISSRSAGFSVFPWSAESDIIKGIMVIAMFIGGSPSSTAGGIRTTTLAVIFLTLKAKFRGQKEVKVFKRSIDGQTVINAFLVAVFGLVSVVLIAILLPLSMQQPLSFVDSLFETTSAFGTVGLSSGATKIMALEPTRNLFNYLTLGLLMIMGQVGVSSSVLTFVKKHPQGNSFSYPREDVKVG,0
seq_13403,MTIKKYKTALSGMFPEEIQSFCGLKEKFRAQQIFHWIASGVNSFDEMTNLSFDMRSKLKNDFSLFSTKIKEALKDKDGTIKLAVELYDGSVIETVLLTDKAKRKTACVSCQAGCPMKCAFCKTGQIGFLRNLSASEIVEQFLHLEREAGSLDNIVFMGMGEPMLNLPEIDKAINILAHPKGRNLSKRRITISTSGLCKGIYEMADKGPEVRLAVSLTTADETLRSELMPITKTNSLDELKQAIKYFNSKSNKRVTLELALMKGLNTDKKAAQEVIEFAKGLECFINLIPWNPVEGLNFKTPSETEVRTFETYLKKAGLNISTRQKRGQSIGGACGQLGSTAARSNRF,0
seq_13260,MASLLCCGPKLAACGIVLSAWGVIMLIMLGIFFNVHSAVLIEDVPFTEKDFENGPQNIYNLYEQVSYNCFIAAGLYLLLGGFSFCQVRLNKRKEYMVR,0
seq_3286,MQKIGILGAMREEITPILELFGVDFEEIPLGGNVFHKGVYHNKEIIVAYSKIGKVHSTLTTTSMILAFGVQKVLFSGVAGSLVKDLKINDLLVATQLVQHDVDLSAFDHPLGFIPESAIFIETSGSLNALAKKIANEQHIALKEGVIASGDQFVHSKERKEFLVSEFKASAVEMEGASVAFVCQKFGVPCCVLRSISDNADEKAGMSFDEFLEKSAHTSAKFLKSMVDEL,1
seq_4963,MKCIAIDLDGTLLNKESVISAENREAIKRAVDAGILVTICTGRATFDVKALLDDLDIPIIAANGGTIHDTGYRLISRTLMDQEAGKAIADYLLSKNIYFEVYTDDHLLSPFDGEAKLHAELDILKSANPNEQTDDLWQGAMTQFKQFGIKPIPHIESVFDGGENIYKLLCFSFDMDKLKQAKEELKHHKKLAQTSSGKHIIEILPASSGKGRALTKLADIYGIETQDIYAIGDSPNDLSMFEVAGHRIAMENAIDELKEKSTFVTKSNDENGVAYFIDQLLSGQYA,0
seq_3509,MGIQGLLPQLKSIMAPIGVEALKGQTVAVDTYSWLHKGALSCGDRLCKGLPTTRHIEYCMHRVNMLRHHGVKPILVFDGGHLPMKGDQETKRERSRKENLERAKEHESAGNSRAAFECYQKAVDITPRIAFELIQVLKQEKVDYIVAPYEADAQMTFLSVNKLVDAVITEDSDLIPFGCSRIIFKMDKFGQGVEFHITRLQRCRELDLNGFTMQMLLEMCILSGCDYLPSLPGMGVKRAHALIQKLKGHEKVIKHLRYSAVSVPPQYEENFRKAIWAFQFQRVYDPVTEDIVHLSGIPHGSSEDLDFLGPWLPQTVAKGIAQGNIDPITKEPFEGKTESSALAFDKVHLNRESSAPSNGKKKLDLPVQRNVLTNYFCLASLEAKRKFRAPKVTPKQQVLNGSLPSPRIEDSGTPDLIEDTSLPSNNIQVYQCSSEHFSSGTPLDDSINTASQCSSERVRCDIPRDDSASVSPQCSHDIGSDPAEDPDIEGNKVKVNFCNRSTIPTGSFLEGTLPGISDPFLDSHNTEPSRAAPRYAEKSNVVSANRNITVRSSYFKTVNKRVCTNQGEDECHDEDNCETGNYTLPGDQQRSSGGILKRRKFSDPQNFEDGMFQPTSPHESPPVADKGCDSDSHDGINTNSEGKFGCNVAHVNKYSGIAEKSMDKFAALISSFRYAGSRASGLRAPLKDVKNTLPVRSVLRPPEQRFGCTAKKTTRVPLQSRFSSDATNSTDVPDLSTFAYRPTTASAHSDQGKITSKATDAAAGPPDLRTFAYAPTRSTTSRFDQSENTRKAMCTADSPPDISTFEYKPMKSAVRRSDGSKFSGAALKAARRTSRS,1
seq_11834,MPRFVYFCFALIALLPISWTMDGILITDVEIHVDVCQISCKASNTASLLINDAPFTPMCNSAGDQIFFTYNGTAAISDLKNVTFILEVTTDTKNCTFTANYTGYFTPDPKSKPFQLGFASATLNRDMGKVTKTIMEDSGEMVEQDFSNSSAVPTPASTTPLPQSTVAHLTIAYVHLQYEETKTVVNKNGGAVAVAVIEGIALIAILAFLGYRTMVNHKLQNSTRTNGLYGYDNNNSSRITVPDAMRMSDIPPPRDPMYASPPTPLSQPTPARNTVMTTQELVVPTANSSAAQPSTTSNGQFNDPFATLESW,0
seq_6010,MVDGLNTSNIRKRARTLSNPNDFQEPNYLLDPGNHPSDHFRTRMSKFRFNIREKLLVFTNNQSFTLSRWQKKYRSAFNDLYFTYTSLMGSHTFYVLCLPMPVWFGYFETTKDMVYILGYSIYLSGFFKDYWCLPRPRAPPLHRITLSEYTTKEYGAPSSHTANATGVSLLFLYNIWRMQESSVMVQLLLSCVVLFYYMTLVFGRIYCGMHGILDLVSGGLIGIVCFIVRMYFKYRFPGLRIEEHWWFPLFSVGWGLLLLFKHVKPVDECPCFQDSVAFMGVVSGIECCDWLGKVFGVTLVYNLEPNCGWRLTLARLLVGLPCVVIWKYVISKPMIYTLLIKVFHLKDDRNVAARKRLEATHKEGASKYECPLYIGEPKIDILGRFIIYAGVPFTVVMCSPVLFSLLNIA,0
seq_11387,IDDAAILIKINKELFQHGIFSSITVRVSEGRVLLTGTVDSPDKRLKAERVAWQQSEVKEVVNEIAVDKDEVTLKEVAIDSAISAQIKARMVAHAGIKSVNYSINTVGGVVYLMGIAQSQKELNSVIGISKRVKGVKQVISYVRLKHSKLRR,0
seq_10049,MRGMGDDGMGPMAMAPPRSGHATAAAPPPPQHKMAMMMHMTFFWSDRAVVLIRGWPGERGAGMYALCLLFVLALAALTEGLSVLSRRLARRGGGAASSDGGRPAPAPASSAALLTAVHAARMGMAYLVMLAVMSFNVGVLLAAVAGHALGFLLARSRVRPAARDGGGGVACEHGGLPPADGSKT,0
seq_4042,MGCTVSRRRTTTAEASSAWGIFGFYRPRSPSPPPQRLSLPLTVMDCPICLDVAATEAQTLPCMHKFCLDCIQRWTLTSTACPLCNARVTSILHHVDSDASFVETPVEGATDVDGEEDEPVGGGFAVIWGEDYTEEVRHEEAEGQGSGSGSRARPRVPVFNWLYGQVSTVIESDPIREAVVDNIVEIIQEHGMNRQRVTEAMLPMFGANTHALVDTLFDISAQWMRRMQRRAPMSHQGVNYIDTSESEAHSDSEVSSPDEEDSGASSSGVHTEDLTEASESADDQRPAPRRSPRRARRAAVLRREQRRTRCLRRGRTGGQAQGETPEAPSSGEGSSAQHGASGAGAGPGSANTAASARSSPSSSPSSSMRRPSPSASAPETAAPRGGPPASSSSGSPRSATIFIDLTQDDD,1
seq_3108,MIGRRPQGLRAAASLKKQQQLEKQKQEASYELSGNSSPSKENGSENVDNGEMEDETMLVYTEEDNISQLWGLYEMSREKLENDDIDASVSLVFGTIHEADRILRNTEDISTLPKDFHAAYSSALLAVSELFEIAQKRLKETNTEESYIDAAIERAQLGLDAPGNESRLFLALARAYLEKVRVLVWRHDNEESLANIPVTQLVNPYIEKAIQYLRPLAQDSTEYFDALTPDSLRPLYILSSYLFQFGDQFSEAFLLDVCSIITALWLKSVVDPNTPAYYKLIAQEAVLNNYTTFAEYYMDLLDNSESNVDDLINKASSWLNNSVDTWNVIYTLDKSPERLLKLADIKMDLAQIVQDEASQDNYLKEACNAIKEAQGSGVELSPDYVEFVEAYSA,1
seq_2370,MPKLPRGLRFGADNEILNDFQELWFPDLFIESSDTHPWYTLKGRVLNAHLDDRLPNVGGRQVRRTPHRVTVPIASSGLRPVTTVQYDPAALSFLLNARVDWDFGNGDSANLVINDFLFRTFAPKEFDFSNSLVPRYTQAFSAFNAKYGTMIGEGLETIKYLGLLLRRLREGYRAVKRGDLRALRRVIQSYHNGKWKPATAGNLWLEFRYGLMPLFYDIRDVMLDWQNRHDKIQRLLRFSVGHGEDYVVEFDNLYPAVAYFKLKGEITLERRHRHGISYANREGYAVFDNGSLRPVSDWKELATAFINPHEVAWELTPYSFVVDWFLNVGDILAQQGQLYHNIDIVDGFDRRDIRLKSFTIKGERNGRPVNVSASLSAVDLFYSRLHTSNLPFATLDLDTTFSSFKHVLDSIFLLTQRVKR,1
seq_7090,MTGGVMSQKFVVGAGLLVCSVCSLSAMAGSKPVDLILRVLVDAPPPCSIKGSQVEFGNMIADNVDGTNYRQDAKYTLNCTNSLANDLRMQLKGNTSTINGETVLSTNITGLGIRIENSADNSLFAVGENSWTPFNINNQPQLKAVPVKASGAQLAAGEFNASLTMVVDYQ,0
seq_7732,MSGIALRRRREQAQRRRSIAGVLAAVGGGTALGLAAPPTGWGVLVWVALVPLLVYLRAEHRPRAFWLGTLAGMVYYAILLRWLLGFHPLTWLGIEWWPSLAIALGAWLFVSASQAWVIGLWASLVVRTRLSGLRRVLFAVGLWVGLHWLWGQGETAFPWGTLAQSLAGDLWAVQTVALGGAQLLVGLAVAVNALVAESWSTRRVGYAGLAALLAASVYLYGWWQLAQPLPAGEPLRMGVIQGNIAQARKWTPDGRRETVETYVRGYEELAAAGAQLVLTPETAFPFIWSRPTNPAAPLVPEIQSRRVPVLLSAFERRTDGQVATTLFALDGDARTISTFNKIHLVPFGEQIPLKALIGPLVRKLSPVQQEVFAGSLGQRLQTPVGLVAAGICFDSAFADGFRAQVAAGARLLVQSTNDAWYGPAMAPQHHALDALRAVETGRYLVRASNNGTSAVVDPLGRTTRITGWNVYAAFVEPVRLLEGMTLYALWGDWFVPLSAALALLGLIAGRSPAGRRGRRNF,0
seq_8002,MISTEKSSDAVAMHCPSGDQHNSEKGLACDVTSVCDTVRLLMSYIRMLSPCVIARNCPSGDIFAQVAFNPFCVPTGVTNWNMLAYNGHLQMNEPTLKLSNIYRQ,0
seq_3758,MDNEEVNEECMRLFFKNARAHLDKHLTSRLTCDENAYITFRCFLDGIHRKSTRFLEELLLKQENMYHNNNYERINDSVIPLVLKLLWLQIHEPTLQWFEHWFHDIMRLSNRRKFRVFRIFQKKMIQFFKITHRYYYDIIEHLCAKYDMNSVISNALFAKLNLMQYTDGLSTHEKIILNTSNPLTFSIVISLQRCVINLGSTHFYKTLLNKPSNKPKSVEGFEKSIRYLNIASLYLPAVGDTYFQRAKIYLITGKFSLYFFELVRGALVRIPSKCALNNLKDFILTPDFPERRRLMKKLAILVSKDLKGEKSFFEGQIVLQFLSIVEHTLVPQSWNASRASNCWLLKEHLQMAALKYHSGNINVILENLAATMGSFDLMFTTRKSKEQKNKLKYADLSERQVFFLDLSFDFIANIIDVVIKPSWQKNMEDFRYLAIIRLLMCWIKSYRSILQYTHRHRKFCTSFALLLNDLINSPLNCSGNIYSHRPKRSYLFREDIIFREFSCINFALTDFNDDYVYDSPDMINNIIGCPTLTKVLSPKEECVLRIRSIIFSGMKFLEKNDTGVIWNASKYKFDLISPNIKIKRQIALSEISSKINVKTQQERVVSSRKVEAKRDEQQRKRAGKIAVTELEKQFANVRRTKKLSPLPEKDGVSSELVKHAASRGRKTITGPLSSDFLSYPDEAIDADEDITVQVPDTPT,1
seq_9027,MRNVFVGALCMCGMSFVFSDSVRSAAAAYFSHFSWVMPERVVQEHISWRYKALKQDHMEVDCDVYAYRGGRVFPRVSGMGVIDHTNIPHALRIFCEKMTDSFMKKKIDPHLCQRERKFLPHYFSFRMGKLPRICAVVFAQPNVMQGNFLTVHFKLNVENEDSRIIEVTVAKEQENWKLFQFLFKEDRAHLAVL,0
seq_2988,MDKQQEFVIRTLEERDIRFVRLWFTDVLGFLKSVAVAPAELEQAFDEGIGFDGSAIEGFARVYESDMIAKPDPSTFQVLPWRAEAPGTARMFCDILMPDGSPSFADPRYVLKRALARTSDLGFTFYTHPEIEFFLLKDKPVDGSVPTPADNSGYFDHTPQNIGMDFRRQAITMLESMGISVEFSHHEGAPGQQEIDLRYADALSTADNVMTFRLVMKQVALEQGLQATFMPKPFSEYPGSGMHTHLSLFEGDRNAFYESGAEYQLSKVGRSFIAGLLRHAAEISAVTNQWVNSYKRIWGGTERTAGAGGEAPSYICWGHNNRSALVRVPMYKPGKTGSARVEVRSIDSGANPYLTYAVLLAAGLKGIEEGYELPPGAEDDVWALSDAERRALGIEPLPQNLGEALALMERSDLVAETLGEHVFDFFLRNKRQEWEEYRSQVTAFELRKSLPVL,1
seq_4909,MLVALVVLFLSVFMAMKFLYKRIFVASRLKMIEKPSEDWEPASREAMIERLRSEVFDLVVVGGGSTGAGCALDGATRGLKVALVDAGDFGSGTSSKSTKLVHGGVRYLAKAVSNLDWSQYKLVWQALGERTTMFEISPYLTNSIKIMVPIYSKILIPYYYVGLKLYDWISGFKSLGKSYFIDRKEAVDAFPHINKKNLCGAMVYFDGQQDDARNNVMIVMTAVCHGAVAANHVSARSLMIEGGKIVGVRCRDEITGSEIEIRGTGVINSTGNLADDLRRMDDADAREIIVQSSGTHIVIPKEYAPKEMGFLDPLTSDNRIAFFMPWMGKTIVGSTDIKTKTELSPSPTEEDLEFLIHEVQAYTSMHPKLTRDEVSAVWTGIRPLVKDPDVSDTGSIVRKHFVRIEKNGLLTVTGGKWTIYRKMAEDAIDLAISAFSLKPSGPCVTKYVRILGGDGYTKNTWASIQKELGVPKNVAERLARSYGTRALRLSSYIKKNRKKVLSVKYSYLIEEVEYCIDNEMAVKVCDVLCNRLMIGLMDVKEAYQCIDKVLGVFKKKHGWDADRCNREEADAIRMLDKYGLQILRGCGQDASSLQMECPEEKRHRGERRLPPQEK,0
seq_2910,MIRLGGWCARRLCSAAVPAGRRGAAGGLGLAGGRALRVLVDMDGVLADFEGGFLRKFRARFPDQPFIALEDRRGFWVSEQYGRLRPGLSEKAISIWESKNFFFELEPLPGAVEAVKEMASLQNTDVFICTSPIKMFKYCPYEKYAWVEKYFGPDFLEQIVLTRDKTVVSADLLIDDRPDITGAEPTPSWEHVLFTACHNQHLQLQPPRRRLHSWADDWKAILDSKRPC,1
seq_10356,METMQSRTYAGLTKLNTTTALLNKKDGNDDDKAEHSKRSGYHGLSPLDALALKHRDLNRKLNLRAMMSKSEDNLQILKETTSGSSSDLLNIESPASPAEASSPFTVRTPTVHDPEHYFVAQKLSSVFGTPDLEDETDFFDYFSAAPDVHPNDIFDSYNSNNIAESFDDDNYYNSLLPPNAPYYHEIEPPRTASNTSPTPNSIKSAHPAEPPKRPAFTRSATSPDKILPTRIKSKDTVSSGDSTPLSGSSSSKGMLMSMSTSENHSLSSNPELSNSNLLAKNESPADVSNNESGNESSKEPDKEHSTPIHPTTPVSRCARPSSRQQTISILQAQSPFLKKSDKERANLNKTMVSINKSINIHQSIHEISCPHHSSSDNCLFILISLMDRLHSPVLKQLDVSLQSLTMTAIRYIDLNYVDVQYTNLRGGAYGNGNNSESSDNAQLKKEEHLNLAIHFHLLNDHDKCFWHTGMASSYEDYTATFIYGLYLRHGLACSPKTHVSFLFLLKTATQLLNKLVECLHSSDLGLNDTTPNEKLSTEYNQQRLLLALILYELGVCFMHGWGITRDRYLALHLIKLSGAWGDADAQFEAGLQMSLGAVSDKDSHMAAYYYRLAGFQGISPPSKCKWVYKSKYSLAANHKVPAASEVAYVSAIVENLESHSLKFSTKPKAKLRSLITSVRYL,0
seq_9989,MNTPVGVAEIVLGPGEVVFQTRPTRLRTLLGSCVAITFWHPWRRIGGMCHFMLPGRIRRHQPLDGRYADEAMEILIRHALANGTLPEEYQVKLFGGGEMFPAHRHDPHMQNVADSNVHAALALAEQHRLKLMAQDLGSTGHRNIIFDLWNGNVWVRHQPMEAIEKDAKQKNQRIAGR,0
seq_12002,MALNDKLDATKDKVSGKVKETTGKVTGDEKLEAKGKTEGLMGKAKEGLENIKDKASDLAEDVAEKFNDTVDSVKHKNEK,0
seq_4415,MYQEERLVAILDFLKQHNRITTEQICTLLQVSRDTARRDLVKLEEQNAIIRTRGGAILPTVHQKIQSYSGRLKTVSEEKNKIGRLAASLIHDGDRVILDASTTVQACAKHLNAVDCTVITNSINLADVLSDKEGIEIYLLGGKLEKEHRFLYGSSVIEKLSSYHVDKALIGVVGISEHGITIAHEEDGMVKRKMIQQAKQVIALADHSKLGSTSFYQYAELNEIDLLITDRLPNQAFCDLLDRNGVELLVTEQDEGKD,1
seq_1170,MTEGKRLQQMELPQMKSIWIDEDQEMEKLYGFQVRQRFMNGPSTDSDEDADEDLGIVLVDSKKLALPNKNNIKLPPLPNYMTINPNINSNHKSLTNKKKNFLGMFKKKDLLSRRHGSAKTAKQSSISTPFDFHHISHANGKREDNPLESHEEKHDVESLVKFTSLAPQPRPDSNVSSKYSNVVMNDSSRIVSSSTIATTMDSHHDGNETNNTPNGNKQLDSPTDLEMTLEDLRNYTFPSVLGDSVSEKTNPSSPSVSSFSGKFKPRELSALHTPELGNCFNVDQSLNSPGNRISVDDVLKFYYQCSETSTPRNT,1
seq_8132,MRRHPPLDPTMAPGPEDNVRNLRKRQARGPGTARGCGPEVGGRRKNRQKRRMVAQASPGKDKVERDRSVAASGAEKATRRRVERPRGQVSPSDRRGIQAAKEAELRLQTERHTKEKRKVTEASSDDPQPEIDLVRKESLTSSESFQTVECLQSLSKEGIVEGIKRRRIRNKKLKSLENPPLKVTENEATQNIKVEFQDELYKNTPKYSCNILSPEVENNSILKLHVCNCFPHSKGCNDENNLPYKPDGGCMHVAENSSKLKKENLRSLAEKSDTNSIPRLLQTKESVMGVNKLLLEESDLCQSKTNDLLSCLQREKNKYSIEESSVGRKSRKRIKSEKAVTESETVTEMNFYEYNKSELMLQENKMIADGKEAETKSPLNVLRKVSHNTVSLMDHLLSLPEMVGKETSPEHHVNAVCQKTIEPLLKEETENASEPLGYESMAQTEDFKSMKSSIGKSPNEYHIEKRSSQEELRRESEELKLSCQRTIPMTGKRTWPYYSCARISAWCWKKASLPESSYFLPGSQESCRQDDVLKHQTNQTHLTDSKLLLQSSLTETNIESSSKEKLDSNSNCLSSVSAIEHTLMVMKEPIIEDDKKIKSEELSKSGSEVVSNTTEDTQLISETQILTGNKKKDRGNLTKLNLIATSKDGQEANNSTGRTIHRKSCVAKQTFVAPDLVKILNTGRLTNFKIPLLKNKTEKRKEINAKSSEREAYSPLELLDNLSGAEVRQNRSKESVSMTTSGPQTLSIQNSVTPAQASSDSFYDKNSCSIYPRFTKQDNNNKPSNHISERGNIVSNKEVASLTVENNTFSYDPGYVEKNSFFSCNEQETFQPVSSEVSVRKITKNFSEIKVGSPDILKAYEDDVLLIDVIQDDPDLFGVSNEGELSCTSGVSRISQEPNVAGEDQSADFKYMETPVKKEPSDNLRELSVLDTGSIKSEACASNSAASEIRHDSKDVNTSLGKVANKASENETLEDFSEQIKGSNLDKKHRFTDKVIIKEEKEKIYEVCKSKDSRNADIMVDECQFAAPVPKPLCLLVPPLNLSGHQEETVLNTWTNDFRFLGKHSVLKLQNPATCEIFKREKNVGVLQKSLGLMLPYKYCRFHFNTLRGCERPLCKFVHVPEQGDEKVCMDVFKKYININELCLLQRAVNIFMEYYRKFPPGIHFDLQVLNDLLNSLLKHCLLKEVFQIVNLSIMVKIQPSLKILLNIFEHVATMKLRNAVPALTDIFCKLIEAGMVLDPEHFNYIVKLLYQVQASKQEITAVLEMRSRLQTRLFKKNWKCDLDSALNKLEHCKEKGDWTRLGKLYLNVKMGCEKLADFETFCACIAKTLTKHYEKEGPDVPFCEFAETVSKDPQNSKVDESVLGRIGISALFFYHKLLQWSKGRKVLDKLYELKIHFTSLKGLIGPEMLASRCQIVNVAAEIFLKSGSLNGAIWVMRESEWIINTPLWPCDRLDVLNRHNLLCTIAHDILAKSLFRQAFEVLQNLPGFQNSQETVEVSQYSILFNKLLDSCIESNSLGTSSSVAEFMISKSVPIDFSFLRRLITSLGRSCLWLKARAHYKSALSLGCYPQLEGNLYRKLLLIPSYLSEIEMLLAMEIFMVSNASSIQSPGTSTQILQIVLKRCENNQSQRNDDYQAAVERLIMAARISDPKLFIKHMTVNINKEQVYSLEHCSVLKWLKENMKWAGKVWLFSNH,0
seq_827,MSSSEPPPRYEPPVEPVNGIVQPPVIPPAERPGRNTNQLQYLIKTVMKVIWKHHFSWPFQQPVDAKKLNLPDYHKIIKQPMDMGTIKKRLENNYYWSAKETIQDFNTMFNNCYVYNKPGEDVVVMAQTLEKVFLQKIESMPKEELELEPVTAKGGKKKQRAPATPKSSSGGAGASTGSGTSSAAVTSGPGSGSTKVSVAASSAQQSGLQGATGAGGGSSSTPGTQPGSGAGGAIAARPVSAMGGTVSSTAGGAPSIPPISTMPPHTVPGSTNTTTTAMAGGVGGPGAAGANPNAAALMASLLNAGQTGAYPGAPGQTAVNSSSLLDGSTAAVAAAAAAAAAAAAAAGGAAGAAGGAGTIPAVAVNAANAVQAYVNAGVSVGVDAVIPPQQPAKIKKGVKRKADTTTPTANAFESPYTQMDSKSAKIATRRESNRQDLTFQGSGYNMSPLGVSGVPGLGGLVAGGVAGVAVAKNKEKLSDALKSCNEILKELFSKKHSGYAWPFYKPVDAEMLGLHDYHDIIKKPMDLGTVKRKMDNREYKSAPEFAADVRLIFTNCYKYNPPDHDVVAMGRKLQDVFEMRYANIPDEPVANAAHHHGHGHGHGHGHGHGHGHGHGHGHGHGYGGSSSLKHDASDSSSEDSSDTENESNSDEERSARLKMLESKLLGLQEEIRKLSEEASAKKKAKKKLKEKKKSIGGGSGSGSASHHCHATGGGANAGGAGGPGSGGHGSVSVPGGVGSLGPGGAGGANLNALLGGSLVGHGGAAVAGGVPNVGALHSQVHDVAMAFSQMAGGGAAAGAGFGAGVTAAGASSGGKAGTLAGALAAGAAAGAGGTTAGSGSSKGAKSKGGRGAKGSGAGGVGASNNAAAGNAAGGAAGAAAGAGSVGGVGGAGAAGGGNASKRAKGSSSAGAGGGVGGANASAGGAGARGSSKKKPSQVMNFDSEEEDTAKPMSYDEKRQLSLDINKLPGDKLGRVVHIIQNREPSLRDSNPDEIEIDFETLKPSTLRELESYVASCLRKKTHKKPSGKSKDEQMAEKKQELEKRLQDVTGQLGASKKTAKKDESASSKVEAVQPANPVSSSSSSSDSSSSSSSDSSSSDSSDSEAGDGDERPPRKKKSRDSNGSNVNNPSINVVMGGNLPSGALSPTTMLMGLDHVVNSNTPTSQMSNMLGNANPLTAAAMLNNNNKTSLPGSNFGGAPAPGNMMHAGAGVPVAGAAVSASTGQQHNKNGPNDLSKVQPGGPINAALPPHSFAGGTATVATSQSSGGIRIASNLHKPSGLGGGDLGEHHAALAAALTSGINSTGTAGGGINNNGGSNNNANPLGGSHGDAMVNASLASLASGLKQIPQFDDPVEQSLASLEFSAGSTGKSGLTDNFLMQQHLMQPAGPQQQQQQQQQQPFGHQQQQQQQQQQQQQQQQHMDYVTELLSKGAENVGGMNGNHLLNFNLDMAAAYQQKHPQQQQQQAHNNGFNVADFGMAGFDGLNMTAASFLDLEPSLQQQQMQQMQLQQQHHQQQQQQTHQQQQQHQQQHHQQQQQQQLTQQQLQQQQQQQQQQQHLQQQQHQQQHHQAANKLLIIPKPIESMMPSPPDKQQLQQHQKVLPPQQSPSDMKLHPNAAAAAAVASAQAKLVQTFKANEQNLKNASSWSSLASANSPQSHTSSSSSSSKAKPAMDSFQQFRNKAKERDRLKLLEAAEKEKKNQKEAAEKEQQRKHHKSSSSSLTSAAVAQAAAIAAATAAAAVTLGAAAAAALASSASNPSGGSSSGGAGSTSQQAITGDRDRDRDRERERERSGSGGGQSGNGNNSSNSANSNGPGSAGSGGSGGGGGSGPASAGGPNSGGGGTANSNSGGGGGGGGPALLNAGSNSNSGVGSGGAASSNSNSSVGGIVGSGGPGSNSQGSSGGGGGGPASGGGMGSGAIDYGQQVAVLTQVAANAQAQHVAAAVAAQAILAASPLGAMESGRKSVHDAQPQISRVEDIKASPGGQGQSSPAQQSPQDRAAAKRAEQRRAEQERRRREALAGQIDMNMQSDLMAAFEETL,1
seq_9278,MKFQGPLACLLLALCLGSGEAGPLQSGEESTGTNIGEALGHGLGDALSEGVGKAIGKEAGGAAGSKVSEALGQGTREAVGTGVRQVPGFGVADALGNRVGEAAHALGNTGHEIGRQAEDVIRHGADAVRGSWQGVPGHNGAWETSGGHGIFGSQGGLGGQGQGNPGGLGTPWVHGYPGNSAGSFGMNPQGAPWGQGGNGGPPNFGTNTQGAVAQPGYGSVRASNQNEGCTNPPPSGSGGGSSNSGGGSGSQSGSSGSGSNGDNNNGSSSGGSSSGSSSGGSSGGSSGGSSGNSGGSRGDSGSESSWGSSTGSSSGNHGGSGGGNGHKPGCEKPGNEARGSGESGIQNSETSPGMFNFDTFWKNFKSKLGFINWDAINKNQVPPPSTRALLYFSRLWEDFKQNTPFLNWKAIIEGADASSLQKRAGRDDQNYNYNQHAYPTAYGGKYSVKTPAKGGVSPSSSASRVQPGLLQWVKFW,0
seq_6761,MSKRNSTKNDIKLSDVGVAQWMDYQIILQEWKIGKLSSEIKNSIVKDMSSLSEFRGQSINANELESMIGDWSIYPITNKFKIIALWKIIENHRNKHNLGYILKSNVLEKTNKSKQNNNGFNGHKGNFSENEIRKTNNYRIIKKQKIEFEKNNKNTIITRKNNNNNNSNNNNNNNNNYNQKSNTTMDNNYSDDDYQNEQNEFEEEDYDSNDDENDSHDENENFNIIKPKTTNQLKRKVSSSFTNNNYHVNNNNNNNDNINNFNSNSNSNTSNNNNNNNSDNNINNNNNNNNNNNNNNNNNNNNNNNNNNNNNNINNNYINNNNNDSWNNQFQNQLMYCNNYQAQYQQLHPNHYQLQYQQQQQNINNNINANNNNNNNNNNNNNNNLNDSTPNNQTNNDLKSSNHSNYDFNYNTNERLSHSPIQTHSSSNNSTPSNQSPTFPSNYISQNANINYNPNQGSMFYPPQQFYVESMFYQQQLQQQQQQQQQIAQQPVSQQNNNVETNQDNVQQQ,0
seq_10110,MEEEKNWIAVPTWRIPCRLERWHSLIKYLKYRTKDLQQVSYVPHHKVGWAWWTCSRVIFPLKEGAHLEVQGYWNLTPERGFLSSYAVRLTWYERSFYTDVTPDVADRLLHGSYFSSFTANEVRRAIRGEKILSHCNYPSAHTGQVPSLQFLALRVVQEGKDGSQGESTTRKQRRRNSRRGIRMARDNIRTSQQSSSQSLAQGTYFPGLAEVLGILA,0
seq_1716,MSPLTRTVAIKKTVKVLSKCQSGREYTQKFLQRAYSTSHANSTYYSRTKLFISSHSKALNIALLSGSLLLTYSYYSPKKILSLDTINGIKDYSTNTSGNINMPSPNPKGTETQKSQRSQNDQSVLILNDSKIEAKLHDREESHFVNRGTGIFRYDVAQLPSNHPIEDDHVEQIITIPIESEDGKSIEKDLYFFGIFDGHGGPFTSEKLSKDLVRYVAYQLGQVYDQNKTVFHSDPNQLIDSAISKGFLKLDNDLVIESFRKLFQDPNNTNIANTLPAISGSCALLSLYNSTNSILKVAVTGDSRALICGLDNEGNWTVKSLSTDQTGDNLDEVRRIRKEHPGEPNVIRNGRILGSLQPSRAFGDYRYKIKEVDGKPLSDLPEVAKLYFRREPRDFKTPPYVTAEPVITSAKIGENTKFMVMGSDGLFELLTNEEIASLVIRWMDKNMNLAPVKAEPGKLPKVIDVSEDKEAQRPAFRYKDNNSSSPSGSNPEYLIEDKNVATHLIRNALSAGGRKEYVSALVSIPSPMSRRYRDDLTVTVAFFGDSGTPSIVSNATSIVMNPEATTKPKPRL,1
seq_8487,MDFNKIGDENVVFQIFKLEMLIMSEFPSFIEEKDKLLCLNVLANLLGGIFENEDKIIPNYKEAVIAALFERLLLSSNQKSTSKSNQMIKLLNNSLAHNNGLPSQRCNHDSKLVYMSLVQNNGLPGQRSNYVCCPLCMEQHCIELLTYQLFAKWRNFPRIDFSPVLQGNRGPRFFYTCFLCNSTFLASA,0
seq_12754,MKLKRYLLVAKPGIIFGNLIAVAGGYFLAARGSVEPMLLLATVIGLSLVVASGCVLNNCIDRDIDRHMERTRGRVTVTGQISLKAALAHGLVLGVAGFGLLWWRTNPLTTALAGFGYFVYVGLYSLWFKRRSQYGTLVGSLSGAMPPVVGYCAVSGQFDAGAASLLAIFCLWQMPHSYAIAIFRLKDYEAAGIPVLPVARGIAVTKIHIVLYILAFMAATLALCLGGYAGYGYLLVAVAVSLWWLAIALTGYWTADDRVWARKLFAFSIVAITALSVMMSIDFQVAPATHLVASLF,0
seq_584,MASESGKLWGGRFVGAVDPIMEKFNASIAYDRHLWEVDVQGSKAYSRGLEKAGLLTKAEMDQILHGLDKVAEEWAQGTFKLNSNDEDIHTANERRLKELIGATAGKLHTGRSRNDQVVTDLRLWMRQTCSTLSGLLWELIRTMVDRAEAERDVLFPGYTHLQRAQPIRWSHWILSHAVALTRDSERLLEVRKRINVLPLGSGAIAGNPLGVDRELLRAELNFGAITLNSMDATSERDFVAEFLFWASLCMTHLSRMAEDLILYCTKEFSFVQLSDAYSTGSSLMPQKKNPDSLELIRSKAGRVFGRCAGLLMTLKGLPSTYNKDLQEDKEAVFEVSDTMSAVLQVATGVISTLQIHQENMGQALSPDMLATDLAYYLVRKGMPFRQAHEASGKAVFMAETKGVALNQLSLQELQTISPLFSGDVICVWDYGHSVEQYGALGGTARSSVDWQIRQVRALLQAQQA,1
seq_2187,MEEEGLECPNSSSEKRYFPESLDSSDGDEEEVLACEDLELNPFDGLPYSSRYYKLLKEREDLPIWKEKYSFMENLLQNQIVIVSGDAKCGKSAQVPQWCAEYCLSIHYQHGGVICTQVHKQTVVQLALRVADEMDVNIGHEVGYVIPFENCCTNETILRYCTDDMLQREMMSNPFLGSYGVIILDDIHERSIATDVLLGLLKDVLLARPELKLIINSSPHLISKLNSYYGNVPVIEVKNKHPVEVVYLSEAQKDSFESILRLIFEIHHSGEKGDIVVFLACEQDIEKVCETVYQGSNLNPDLGELVVVPLYPKEKCSLFKPLDETEKRCQVYQRRVVLTTSSGEFLIWSNSVRFVIDVGVERRKVYNPRIRANSLVMQPISQSQAEIRKQILGSSSSGKFFCLYTEEFASKDMTPLKPAEMQEANLTSMVLFMKRIDIAGLGHCDFMNRPAPESLMQALEDLDYLAALDNDGNLSEFGIIMSEFPLDPQLSKSILASCEFDCVDEVLTIAAMVTAPNCFSHVPHGAEEAALTCWKTFLHPEGDHFTLISIYKAYQDTTLNSSSEYCVEKWCRDYFLNCSALRMADVIRAELLEIIKRIELPYAEPAFGSKENTLNIKKALLSGYFMQIARDVDGSGNYLMLTHKQVAQLHPLSGYSITKKMPEWVLFHKFSISENNYIRITSEISPELFMQLVPQYYFSNLPPSESKDILQQVVDHLSPVSTMNKEQQMCETCPETEQRCTLQ,1
seq_13410,MAVYIAREATKLWRKVCAEIAVELQLLFEKWRLLLAGLVFQYIHGLAARGVHYLHRPGPLLQDLGFMALPELGQDKGYVSESVFTFIFISFLLWSFHPFIYHSKRFYTVLLWRRVLAFLVASQFLRIITFYSTQLPGPNYHCREGSKMATLPPPHNVLEVLLINFPRGVLFGCGDLIFSSHMIFTLVFVRTYHKYGSKRLIKILAWLMAIIQSLLIIASRKHYSVDVVVAWYTVNLVVFFIDNKLPEMPDRTNGSSLLPVTAKDKDGRTKEELHKLEKDCKMKEEFHKLLNGNTVDSTDRRQRVQMNGKHGEDINHTLSDATPNGT,0
seq_1741,MPALWLGCCLCFSLLLPAARATSRREVCDCNGKSRQCIFDRELHRQTGNGFRCLNCNDNTDGIHCEKCKNGFYRHRERDRCLPCNCNSKGSLSARCDNSGRCSCKPGVTGARCDRCLPGFHMLTDAGCTQDQRLLDSKCDCDPAGIAGPCDAGRCVCKPAVTGERCDRCRSGYYNLDGGNPEGCTQCFCYGHSASCRSSAEYSVHKITSTFHQDVDGWKAVQRNGSPAKLQWSQRHQDVFSSAQRLDPVYFVAPAKFLGNQQVSYGQSLSFDYRVDRGGRHPSAHDVILEGAGLRITAPLMPLGKTLPCGLTKTYTFRLNEHPSNNWSPQLSYFEYRRLLRNLTALRIRATYGEYSTGYIDNVTLISARPVSGAPAPWVEQCICPVGYKGQFCQDCASGYKRDSARLGPFGTCIPCNCQGGGACDPDTGDCYSGDENPDIECADCPIGFYNDPHDPRSCKPCPCHNGFSCSVMPETEEVVCNNCPPGVTGARCELCADGYFGDPFGEHGPVRPCQPCQCNNNVDPSASGNCDRLTGRCLKCIHNTAGIYCDQCKAGYFGDPLAPNPADKCRACNCNPMGSEPVGCRSDGTCVCKPGFGGPNCEHGAFSCPACYNQVKIQMDQFMQQLQRMEALISKAQGGDGVVPDTELEGRMQQAEQALQDILRDAQISEGASRSLGLQLAKVRSQENSYQSRLDDLKMTVERVRALGSQYQNRVRDTHRLITQMQLSLAESEASLGNTNIPASDHYVGPNGFKSLAQEATRLAESHVESASNMEQLTRETEDYSKQALSLVRKALHEGVGSGSGSPDGAVVQGLVEKLEKTKSLAQQLTREATQAEIEADRSYQHSLRLLDSVSRLQGVSDQSFQVEEAKRIKQKADSLSSLVTRHMDEFKRTQKNLGNWKEEAQQLLQNGKSGREKSDQLLSRANLAKSRAQEALSMGNATFYEVESILKNLREFDLQVDNRKAEAEEAMKRLSYISQKVSDASDKTQQAERALGSAAADAQRAKNGAGEALEISSEIEQEIGSLNLEANVTADGALAMEKGLASLKSEMREVEGELERKELEFDTNMDAVQMVITEAQKVDTRAKNAGVTIQDTLNTLDGLLHLMDQPLSVDEEGLVLLEQKLSRAKTQINSQLRPMMSELEERARQQRGHLHLLETSIDGILADVKNLENIRDNLPPGCYNTQALEQQ,1
seq_6149,MSQVKVAVRSEEAANSYTQTFGMSWRQWRQACSEEYAKQCEREVLHTVDFIRENEKDPERLVEVVDSKIYDNDGLVHEVCVSDKATGKANKRSIVYMHGYGAGLGFYFRNMDGLTKGVTKDFNSYFVDWLGMGNSSRPPFDIKGQTASEKVEETERFFTESLETWRIGHGIEKMILVGHSMGGYLSAVYAMQYPERVEKLLLVSPVAIPENPFASNDDAEVYNSVASSAVHAVMDEPPLSNVTNEVLQTQEETTGLEPSRPSKPKNPLPRFITFLWEQNVTPFSLLRLSGPLGPKLMSFWSSRRFSTLPPETFRALHNYCYSIFRLKGSSEYALGNLLAPGAFARRCIMNRLRMLKCRTIFMYGDKDWMDDVAGLEATNRLKEMNIEAEHHIISNAGHHCYLDNPEDFNEIVLKEIRMSLRSFSSISE,0
seq_1876,MAMVSGRRSTLNPDAPLFIPAAVRQVEDFSPEWWQLVTTSTWYPDYWISQQQQGADGFYDNGENENGGGHIDVADLLPESFDFDDMEDFFDTDAAEFDQGFDGRMYYQAPSEFGFGKNGEMVKKSSGNRSPRSIVEPAKYAEKPAKWGNQRVAAAPRNIHQPR,1
seq_2005,MSGGHQLQLAVLWPWLLMATLHAGFGHTGRVLAAAVESERSAEQKAVIRVIPLKMDPTGKLNLTLEGVFAGVAEVTPAEGKLMQSHPLYLCNASDDDNLEPGFISIVKLESPRRAPRPCLSLASKARMAGERGANAVLFDITEDRSAAEQLQQPLGLTKPVVLIWGSDAAKLMEFVYKNRKAYVWIELKEPPAGANYDVWILLTVVGTVFVIILASVLRIRCRPHHSRPDPLQQRTARAISQLATRRYQAGCRRARAEWPDSGSSCSSTPVCAICLEEFSEGQELRVISCLHEFHRTCVDPWLYQHRTCPLCMFNIVEGDSFSQAPAASPSYQEPGRRLHLIRQHPGHAHYHLPSAYLLGPSRTSVARTPRPRPFLPSQEPSMGSRHQRLPRTSHLRAPEEQQHLAVSPHPYAQGWGLNRLRCTSQHPAACPVALRRARPHESSGSGESYCTERSGYLADGPASDSSSGPCHGSSSDSVVNCTDVSLQGIHGSSSTFRSSLSSDFDPLVYCSPEGDLQGKGIQPSVTSRPRSLDSVVPRGETQVSSHIHYHRHRHHHYKRQFQWHGRKPGPETGIPQSMPAASHTQLEPSLPDQQLITPNPTASSMLPNPQRPRALTEPAPGLAEASSPSPSPKPNPSGLLNLQKSSLTVRHPHRKRRGGPSEPLPTSLPPDLTVHTACPVFPHYSPRLAYPWPPEVHPLMFRPPGPDRRLLHEVPGPCYSSSQPVWLYLNPCQPLGPCLPGEGHSKWTFDSPEGRRCPYSHCQVLPAQPGSEEELEELCEQAV,1
seq_2656,MAALPVPLPPTKMAAVEKRRPAVAPAANFPDSGRTSVSQAAAAAESEEDFLRQLGVTEMLRAALLKVLEIRPEEPIAFLAHYFENMGLRSPTNGGAGEPPGQLLLQQQRLGRALWHLRLAHHSQRTAFNNNVSVAYECLSASGRKKKPGLDGRTYSELLKRVCRDGGAPEEVVAPLLRKIQCRDHEAVPLGIFRTGMLSCFVLLEFVARAGALFQLLEDPGQAVADRRVGQAVLDTLEGALSAGDMATAPTHYLEAGSRLGPDNLARALDRAASGRRPSVPMAREEFLEKAAALFIAKVKPVG,1
seq_1799,MFIVVVTIFENYTQWYSSLLTIFSLTIKRKLKTIRSMQDSTSKCTCTEHHMGGTICCCCRSDAEENEQLTSVILSRKPPPQEQCRGNLLVFINPNSGTGKSLETFANTVGPKLDKSLIRYEVVVTTGPNHARNVLMTKADLGKFNGVLILSGDGLVFEALNGILCREDAFRIFPTLPIGIVPSGSGNGLLCSVLSKYGTKMNEKSVMERALEIATSPTAKAESVALYSVKTDNQSYASFLSIGWGLMADIDIDSEKWRKSLGHHRFTVMGFIRSCNLRSYKGRLTYRPYKPKGFHPSSNVFSVYEKTTQQRIDDSKVKTNGSVSDSEEETMETKFQNWTLPDSDETLAVGSSDLEETVVIEDNFVNIYAVTLSHIAADGPFAPSAKLEDNRIHLSYILWKDIGTRVNIAKYLLAIEHETHLDLPFVKHVEVSSMKLEVISEGSHVVLDGEVVDTKTIEVASTKNHISVFSSTA,1
seq_2020,MATAALLRGATPGRGGPVWRWRLRAAPRCRLAHSSCSPGGDPTAGAAWACFRLDGRTLLRVRGPDAAPFLLGLLTNELPLPSPAAAGAPPAARAGYAHFLNVQGRTLYDVILYGLQEHSEVSGFLLECDSSVQGALQKHLALYRIRRKVTVEPHPELRVWAVLPSSPEACGAASLQERAGAAAILIRDPRTARMGWRLLTQDEGPALVPGGRLGDLWDYHQHRYLQGVPEGVRDLPPGVALPLESNLAFMNGVSFTKGCYIGQELTARTHHMGVIRKRLFPVRFLDPLPTSGITPGATVLTASGQTVGKFRAGQGNVGLALLWSEKIKGPLHIRASEGAQVALAASVPDWWPTVSK,1
seq_542,MKMSRLCLSVALLVLLGTLAASTPGCDTSNQAKAQRPDFCLEPPYTGPCKARIIRYFYNAKAGLCQTFVYGGCRAKRNNFKSAEDCMRTCGGAIGPWENL,1
seq_4995,MDRRRMALRPGSRRPTAFFFHSRWLVPNLLAFFLGLSGAGPIHLPMPWPNGRRHRVLDPHTQLSTHEAPGRWKPVAPRTMKACPQVLLEW,0
seq_1143,MARKWLNLFAGAALSFAVAGNALADEGKITVFAAASLTNAMQDIATQFKKEKGVDVVSSFASSSTLARQIEAGAPADLFISADQKWMDYAVDKKAIDTATRQTLLGNSLVVVAPKASVQKDFTIDSKTNWTSLLNGGRLAVGDPEHVPAGIYAKEALQKLGAWDTLSPKLAPAEDVRGALALVERNEAPLGIVYGSDAVASKGVKVVATFPEDSHKKVEYPVAVVEGHNNATVKAFYDYLKGPQAAEIFKRYGFTIK,1
seq_4581,MAAPMFSIIIPTLNVAAVLPACLDSIARQTCGDFELVLVDGGSTDETLDIANIFAPNLGERLIIHRDTDQGVYDAMNRGVDLATGTWLLFLGADDSLYEADTLARVAAFIGEHEPSDLVYGDVIMRSTNFRWGGAFDLDRLLFKRNICHQAIFYRRGLFGTIGPYNLRYRVLADWDFNIRCFSNPALVTRYMHVVVASYNEFGGLSNTIVDKEFLKRLPMSTRLGIRLVIVLVRRWPKVISRAMVMRTVISWRRRR,0
seq_744,MTRRAIGVSERPPLLQTIPLSLQHLFAMFGATVLVPVLFHINPATVLLFNGIGTLLYLFICKGKIPAYLGSSFAFISPVLLLLPLGYEVALGGFIMCGVLFCLVSFIVKKAGTGWLDVLFPPAAMGAIVAVIGLELAGVAAGMAGLLPAEGQTPDSKTIIISITTLAVTVLGSVLFRGFLAIIPILIGVLVGYALSFAMGIVDTTPIINAHWFALPTLYTPRFEWFAILTILPAALVVIAEHVGHLVVTANIVKKDLLRDPGLHRSMFANGLSTVISGFFGSTPNTTYGENIGVMAITRVYSTWVIGGAAIFAILLSCVGKLAAAIQMIPLPVMGGVSLLLYGVIGASGIRVLIESKVDYNKAQNLILTSVILIIGVSGAKVNIGAAELKGMALATIVGIGLSLIFKLISVLRPEEVVLDAEDADITDK,1
seq_11399,MKDFFLFLGKFFKHGTAIASLAPSSPWLSRTTVRNIPWENARVVVELGAGTGPITKVIADRVHPDCRVIVLERDPDFARLLRERFANRANFDVVEGDVRDLTQILQQRGIEQADFVVSGLPVPSFPKELQRDLFRVVKQVLAPSGTFNQITEMPWVYQRFYRRFFDEVTFVFEPRNLPPAGAYFCRGVKESF,0
seq_1796,MKGTLIFVVFYSSYGFAHCNTILRSSSLSRNFEDSLRRIPRSTDKDETGFEDSNVQEVIFILLYCLFVALAILICGLIIFYNSRKRELRANRSRGDEYLLEPTSADHKRRNSSNIVPPEPTPYPITSGESDLRQTPSRLSNVECPPELELAPINEKIMYLHYYAEVEINEEDLDISKGRPLGSGEFGIIRKGFLRSKNSKNEEKESRLEVAVKLPLNEYNQIQQELIYDELKVMCAVGKHPNILALVGGITFGERKMIVSEFVENGDLLSFLRDNRIYFTNDQWTLETEQDSLSLVDLLSFAFQIAKGMEYLIHVPCVHRDLALRNVLIKKNRIIRIADFGLARRHKNKDYYKTQSVDTPLPIHWMAPESIDKLLFTQKSDVWSYGVCLYELFSLGKSPYENVIKYDQRDFYWKYVLSYLNEGKRLAQPAHADAEIYNVMKLCWDLDMNSRTTFLDCIEFFEKELKTTSNEYFLDLTRKLRSETNNQLRLSNWLSDEKHCDS,1
seq_5186,MAPQLLLCLILTFLWSLPEAESNVFLKSKEANRFLQRTKRSNSLFEEFRPGNIERECIEEKCSKEEAREIFKDNEKTEAFWNVYVDGDQCSSNPCHYGGTCKDGIGSYTCTCLPNYEGKNCEHLLFKSCRFFNGNCWHFCKPVQNDTQCSCAESYRLGDDGHSCVAEGDFSCGRNIKARNKREASLPDFVQSQNATLLKKSDNPSPDIRIINGMDCKLGECPWQAVLLDKEGDVFCGGTILSPIYVLTAAHCITQSKHISVVVGEIDISRKETRHLLSVDKAYVHTKFVLATYDYDIAIIQLKTPIQFSENVVPACLPTADFANQVLMKQDFGIISGFGHTRSGGQTSNTLKVVTIPYVDRHTCMLSSDFRITPNMFCAGYDTLPRDACQGDSGGPHITAYRDTHFITGIISWGEGCAKKGKYGVYTKVSNFIPWIKAVMRKHQPSTESSTGRL,0
seq_8057,MHGAPRLTFPCASEYLWHAREKAYQDHRRKVQSAQPLVDTRAPLTFRHLHLKLKRLKLEEERLSVIERDNRLLLEKVASVMRTRGQTDSKNNSKHRRK,0
seq_4089,MEKKRRARINVSLEQLKSLLEKHYSHQIRKRKLEKADILELSVKYMRSLQNSLQGLWPVPRGAEQPSGFRSCLPGVSQLLRRGDEVGSGLRCPLVPESAAGSTMDSAGLGQEAPALFRPCTPAVWAPAPAAGGPRSPPPLLLLPESLPGSSASVPPPQPASSRCAESPGLGLRVWRPWGSPGDDLN,1
seq_9032,MKFPDLLRCSRAVSLARPDLPRNSPDVYDTKIPILQAITAKKCQRFRGDWGAKRKLPILKNRHISIQKFDTFEHQCAFISSDRFVRTLKRIYDLKLPVPLNDYEQISPYLLQKYNTFSSSNPKSRPTLPPGILYAKLKLLDSFSDSEKKRLSLVSFIQTKKVPLPFTYGKFAPDSKECLFGVSGVIAATSLKGITSTKNRYVIRSLNVDETGKTIPNITRENRSI,0
seq_1401,MDAEAARSYSLEQVQALYSFPFQQMMAEVPNMAVTTGQQVPAVAPNMATVTEQQVPEDAPVQEPAPEAPKRRKRKPRAAEPQEPVEPKKPATSKKSGKSTKSKEKQEKITDAFKVKRKVDRFNGVSEAELLTKTLPDILTFNLDIVIIGINPGLMAAYKGHHYPGPGNHFWKCLFMSGLSEVQLNHMDDHTLPGKYGIGFTNMVERTTPGSKDLSSKEFREGGRILVQKLQKYQPRIAVFNGKCIYEIFSKEVFGVKVKNLEFGLQPHKIPDTETLCYVMPSSSARCAQFPRAQDKVHYYIKLKDLRDQLKGIERNADVQEVQYTFDLQLAQEDAKKMAVKEEKYDPGYEAAYGGAYGENPCNGEPCGIASNGLTAHSAEPRGEAAPSDVPNGQWMAQSFAEQIPSFNNCGTREQEEESHA,1
seq_10699,MTTDVKAKNPASIFSHETLLHVLNDLSAHDLAALERVSRSWNSIVRRSSVWHNLYLSEFGTKHLRRHGRIEKKRRNWKGLFRRQSNWKDGRCKKVESMLPQLLNSEKSVGEDRLGLTLTHQNNIYFCNDVQISKWSSVGNSLKCQAISSFRDETVKSGPAVMCLDNASLYIGLKDGNLLHVTVHETGFGNIENLATFSTKFVALSSHKNYICGLTNDNNLYILQHSHQAGTKLKVLGKYHVSSIEKQVAIHFQQSKEGYEVVHVVFNDYVLSGGWTVSLQEFVFNEYCVKSSRLALHDNKDIEYSQQPASAIFMYGSYILTSHPDNSLILQRLYSTNNELRIKFLGRLLGHVCGVQISKLFSCGRIVSVSKNCADICVWDLHDTNYQSIVSPLMLTCTNIHNKPVSDYEKECKVQDIGLYEDTILITLSDGRILKFLFNI,0
seq_6299,MAMDIEKKIYLKRQLGYFWGTNFLIINIIGAGIFVSPKGVLQYSSMNVGVSLCVWVFCAVLSMTSTLCAAEIGITFPYTVAHYYFLKRCFGPFVAFLRLWTSLFTGPGVLASQALLLAEYGIQPFYPSCSAPAVPKKCLALAMLWIVGILNSRGVKELSWLQTVSMVLKMGILSFISLSGLFLLVTGRKENVRRLQNAFDAEFPEVSRLIEAIFQGYFAFSGGGSFTYVAGELKEPSKTIPRCIFTALPLVTVVYLLANLSYLTVLSPQELLSSDAVALTWTDRVIPQLTWSVPFAISASLFSNLVTSVFETSRTSYIASRNGQLPLLCSTLNVHSSPFIAVLLDVSMGSIAIVLTNLIELINYLFFVFSIWTVLSVIGILKLRYQEPNLHRPYKVFSPFLFITAAISLSMVLIPLIKSPKMQYIYVFLFFLGGLLFYVPLIHFKLKLIWFQKLTCYLQLLFNICIPDVSDEHVAEEES,0
seq_1332,MEPPDAPAQARGAPRLLLLAVLLAAHPDAQAEVRLSVPPLVEVMRGKSVILDCTPTGTHDHYMLEWFLTDRSGARPRLASAEMQGSELQVTMHDTRGRSPPYQLDSQGRLVLAEAQVGDERDYVCVVRAGAAGTAEATARLNVFAKPEATEVSPNKGTLSVMEDSAQEIATCNSRNGNPAPKITWYRNGQRLEVPVEMNPEGYMTSRTVREASGLLSLTSTLYLRLRKDDRDASFHCAAHYSLPEGRHGRLDSPTFHLTLHYPTEHVQFWVGSPSTPAGWVREGDTVQLLCRGDGSPSPEYTLFRLQDEQEEVLNVNLEGNLTLEGVTRGQSGTYGCRVEDYDAADDVQLSKTLELRVAYLDPLELSEGKVLSLPLNSSAVVNCSVHGLPTPALRWTKDSTPLGDGPMLSLSSITFDSNGTYVCEASLPTVPVLSRTQNFTLLVQGSPELKTAEIEPKADGSWREGDEVTLICSARGHPDPKLSWSQLGGSPAEPIPGRQGWVSSSLTLKVTSALSRDGISCEASNPHGNKRHVFHFGTVSPQTSQAGVAVMAVAVSVGLLLLVVAVFYCVRRKGGPCCRQRREKGAPPPGEPGLSHSGSEQPEQTGLLMGGASGGARGGSGGFGDEC,1
seq_2965,MRVGAEYQARIPEFDPGATKYTDKDNGGMLVWSPYHSIPDAKLDEYIAIAKEKHGYNVEQALGMLFWHKHNIEKSLADLPNFTPFPDEWTVEDKVLFEQAFSFHGKSFHRIQQMLPDKTIASLVKYYYSWKKTRSRTSLMDRQARKLANRHNQGDSDDDVEETHPMDGNDSDYDPKKEAKKEGNTEQPVQTSKIGLGRREYQSLQHRHHSQRSKCRPPKGMYLTQEDVVAVSCSPNAANTILRQLDMELISLKRQVQNAKQVNSALKQKMEGGIEEFKPPESNQKINARWTTEEQLLAVQGVRKYGKDFQAIADVIGNKTVGQVKNFFVNYRRRFNLEEVLQEWEAEQGTQASNGDASTLGEETKSASNVPSGKSTDEEEEAQTPQAPRTLGPSPPAPSSTPTPTAPIATLNQPPPLLRPTLPAAPALHRQPPPLQQQARFIQPRPTLNQPPPPLIRPANSMPPRLNPRPVLSTVGGQQPPSLIGIQTDSQSSLH,1
seq_2277,MAPKKRSSRGTRTNTLRSRKLASFLKDFDREVQVRTKQIESDRQTLLKEVENLYNIEILRLPKALQGMKWLDYFALGGNKQALEEAAKADRDITEINNLTAEAIQTPLKSVKKRKVIEVEESIKEEEEEEEEGGGGGGRTKKSHKNLRSAKVKRCLPSKKRTQSIQGRGRSKRLSHDFVTPAMSRLEPSLVKPTPGMTPRFDSRVFKTPGLRTPAAKEQVYNISINGSPLADSKEISLSVPIGGGASLRLLASDLQRIDIAQLNPEALGNIRKLSSRLAQICSSIRTGR,1
seq_8808,MMGSMVSNGYLLLFTCWFLFVFGLMTIFNFVEIPLYVDGDVSPIRSYYPCILILTCTVVFFVWLFFNWLGLKYFRHSPSAMRR,0
seq_2577,MHPQVVILSLILHLADSVAGSVKVGGEAGPSVTLPCHYSGAVTSMCWNRGSCSLFTCQNGIVWTNGTHVTYRKDTRYKLLGDLSRRDVSLTIENTAVSDSGVYCCRVEHRGWFNDMKITVSLEIVPPKVTTTPIVTTVPTVTTVRTSTTVPTTTTVPMTTVPTTTVPTTMSIPTTTTVLTTMTVSTTTSVPTTTSIPTTTSVPVTTTVSTFVPPMPLPRQNHEPVATSPSSPQPAETHPTTLQGAIRREPTSSPLYSYTTDGNDTVTESSDGLWNNNQTQLFLEHSLLTANTTKGIYAGVCISVLVLLALLGVIIAKKYFFKKEVQQLSVSFSSLQIKALQNAVEKEVQAEDNIYIENSLYATD,1
seq_5766,METEVEHTGLAIHPMDQFIVRKLFCHTESASPMNECTTNIHWYDITNVTMWMAIAVLVIAAILVLGTRRRAIVPSRSQSVAELLYGFIHNMVEEVTGHEGVKYFPYVMTLFLFVLCGNVLGLLPLSFTTTSHMAVTVPLALMVFVGVTALGFMRNGPGFLKMFWVTSAPLAIRPVLAVIEVISYFVRPVSHSIRLAGNMMAGHAVIKVIAGFASIAVVSPVVVGAVTAIYALELLVAVVQAYVFTILTCVYLRDAVGDAHH,0
seq_6059,MTAVKEVPRVSGGEEEHGHLEEFRTDPIGLMKRVREECGDVGWFQLADKQVILLSGAEANEFFFRSSDSELNQAEAYPFMTPIFGEGVVFDADPERRAEMLHNTALRGEHMKGHATTIEAEVRKMIEGWGESGEIDLLEFFAELTIYTSTACLIGLKFRNQLDSRFANYYHLLERGTDPLCYVDPYLPIESFRIRDEARAGLVELVQDVMHGRIANPPKDKSDRDMLDVLVSIKDEDGNPRFTANEITGMFISLMFAGHHTSSGTSSWTLIELLRHPEFYAKVQQELDDLYADGQEVSFHALRQIPSLDNALKETLRLHPPLIILMRVAQDEFEVAGYPIHKGQMVAASPAISNRIPEDFPNPDDFDPDRYEKPRQEDLINRWTWIPFGAGKHRCVGAAFAQMQIKAIFSVLLREYEFEMAQPPESYQNDHSKMVVQLARPAKVRYRRRVRD,0
seq_3786,MTITIIAPPQADAAAPAPGNRPGVAHIDPNMKLVTGTFCSASEDWFEEPLERGLRLILVQSGQLRCRIPGQPEHLIEGPSLCTIANDGDFTSAQIYGTDKPLRYTIVQLGVEALDSRLGWLPEQLIRRPGGDPRIMSCPAPRAMQALASQIATCQMLGPTRDLYLGGKALELAALSAQFLSGEGRPVEEPRITCSEVERIHAARDLLVGALQEPPSLDTLASRVGMNPRKLTAGFRKVFGASVFGYLQEYRLREAHRMLCDEEANVSTVAYRVGYSPAHFSIAFRKRYGISPSEIR,1
seq_4174,MREDDTHLPTGCGALDELLGGGVERGTVTQLYGPPAAGKTNVALTTAVTTAAAGGLAVYVDTEGLSLARFQQLLEARATDPEAASANVIVSDAHDFDEQAQAVRDTADFADRADLIVVDSVTGFYRLARGGDDTTGDALRQVADQITHLLSLARKHDLAVVVTNQVFTDVDNDSDRARPLGGHTLAHWTGTVLRLDRFRGGTRRATLEKHRAKPDGEHAQFQITDGGIDAASADDY,1
seq_4884,MGSRLLQFQSYGKWFMLLSLATAICLLHLPSYSCTYSRDLPICTPQVSFQLTNTTPTATLFLSTVKEVSMLLSYVAIDLGWNVNFPKPNDYDTSNLVNTFDPSNKYHVNLFGYCKWQPLSNKATWYCMDNPNGLDIISMIVRDLGAQLGVLSHTNTKILSDSLWILYRSIFDSFYKFVHDDDYRADKVASFLQSLQQGGPLPSVDQFKTVTLLLKCFEKLTNAIQVTELCSFALIIIAIALATVACVMDILAAREEKHSATSDKLPKALFFKQITLKLSYAVVTCSLFYQIGMAVYFLALFSIRYPYDYKVKVMTFNPDTGYWLSVLRFVMEFWFAVACYIGLSLSRRRPSKEVDDLDWKDEEQTPDSGETAICVSTRGSTRIQV,0
seq_2211,MQSFRERCGFHGKQQNYQQTSQETSRLENYRQPSQAGLSCDRQRLLAKDYYNPQPYPSYEGGAGTPSGTAAAVAADKYHRGSKALPTQQGLQGRPAFPGYGVQDSSPYPGRYAGEESLQAWGAPQPPPPQPQPLPAGVAKYDENLMKKTAVPPSRQYAEQGAQVPFRTHSLHVQQPPPPQQPLAYPKLQRQKLQNDIASPLPFPQGTHFPQHSQSFPTSSTYSSSVQGGGQGAHSYKSCTAPTAQPHDRPLTASSSLAPGQRVQNLHAYQSGRLSYDQQQQQQQQQQQQQQALQSRHHAQETLHYQNLAKYQHYGQQGQGYCQPDAAVRTPEQYYQTFSPSSSHSPARSVGRSPSYSSTPSPLMPNLENFPYSQQPLSTGAFPAGITDHSHFMPLLNPSPTDATSSVDTQAGNCKPLQKDKLPENLLSDLSLQSLTALTSQVENISNTVQQLLLSKAAVPQKKGVKNLVSRTPEQHKSQHCSPEGSGYSAEPAGTPLSEPPSSTPQSTHAEPQEADYLSGSEDPLERSFLYCNQARGSPARVNSNSKAKPESVSTCSVTSPDDMSTKSDDSFQSLHGSLPLDSFSKFVAGERDCPRLLLSALAQEDLASEILGLQEAIGEKADKAWAEAPSLVKDSSKPPFSLENHSACLDSVAKSAWPRPGEPEALPDSLQLDKGGNAKDFSPGLFEDPSVAFATPDPKKTTGPLSFGTKPTLGVPAPDPTTAAFDCFPDTTAASSADSANPFAWPEENLGDACPRWGLHPGELTKGLEQGGKASDGISKGDTHEASACLGFQEEDPPGEKVASLPGDFKQEEVGGVKEEAGGLLQCPEVAKADRWLEDSRHCCSTADFGDLPLLPPTSRKEDLEAEEEYSSLCELLGSPEQRPGMQDPLSPKAPLICTKEEVEEVLDSKAGWGSPCHLSGESVILLGPTVGTESKVQSWFESSLSHMKPGEEGPDGERAPGDSTTSDASLAQKPNKPAVPEAPIAKKEPVPRGKSLRSRRVHRGLPEAEDSPCRAPVLPKDLLLPESCTGPPQGQMEGAGAPGRGASEGLPRMCTRSLTALSEPRTPGPPGLTTTPAPPDKLGGKQRAAFKSGKRVGKPSPKAASSPSNPAALPVASDSSPMGSKTKETDSPSTPGKDQRSMILRSRTKTQEIFHSKRRRPSEGRLPNCRATKKLLDNSHLPATFKVSSSPQKEGRVSQRARVPKPGAGSKLSDRPLHALKRKSAFMAPVPTKKRNLVLRSRSSSSSNASGNGGDGKEERPEGSPTLFKRMSSPKKAKPTKGNGEPATKLPPPETPDACLKLASRAAFQGAMKTKVLPPRKGRGLKLEAIVQKITSPSLKKFACKAPGASPGNPLSPSLSDKDRGLKGAGGSPVGVEEGLVNVGTGQKLPTSGADPLCRNPTNRSLKGKLMNSKKLSSTDCFKTEAFTSPEALQPGGTALAPKKRSRKGRAGAHGLSKGPLEKRPYLGPALLLTPRDRASGTQGASEDNSGGGGKKPKMEELGLASQPPEGRPCQPQTRAQKQPGHTNYSSYSKRKRLTRGRAKNTTSSPCKGRAKRRRQQQVLPLDPAEPEIRLKYISSCKRLRSDSRTPAFSPFVRVEKRDAFTTICTVVNSPGDAPKPHRKPSSSASSSSSSSSFSLDAAGASLATLPGGSILQPRPSLPLSSTMHLGPVVSKALSTSCLVCCLCQNPANFKDLGDLCGPYYPEHCLPKKKPKLKEKVRPEGTCEEASLPLERTLKGPECAAAATAGKPPRPDGPADPAKQGPLRTSARGLSRRLQSCYCCDGREDGGEEAAPADKGRKHECSKEAPAEPGGEAQEHWVHEACAVWTGGVYLVAGKLFGLQEAMKVAVDMMCSSCQEAGATIGCCHKGCLHTYHYPCASDAGCIFIEENFSLKCPKHKRLP,1
seq_5994,MIYVLYSPNCAVCKKVVRFFRNNQIEITKIIIGEDKIERSMLLDILSLCEDGFGTIISFKTESSKRLNITSKTFLDLSTKELLNLIQNDLNLIRRPLIYQTKNNRPYRLQIGYDSEEIEIFKRAVHEK,0
seq_1338,MANVSKKVSWSGRDRDDEEAAPLLRRTARPGGGTPLLNGAGPGAARQSPRSALFRVGHMSSVELDDELLDPDMDPPHPFPKEIPHNEKLLSLKYESLDYDNSENQLFLEEERRINHTAFRTVEIKRWVICALIGILTGLVACFIDIVVENLAGLKYRVIKGNIDKFTEKGGLSFSLLLWATLNAAFVLVGSVIVAFIEPVAAGSGIPQIKCFLNGVKIPHVVRLKTLVIKVSGVILSVVGGLAVGKEGPMIHSGSVIAAGISQGRSTSLKRDFKIFEYFRRDTEKRDFVSAGAAAGVSAAFGAPVGGVLFSLEEGASFWNQFLTWRIFFASMISTFTLNFVLSIYHGNMWDLSSPGLINFGRFDSEKMAYTIHEIPVFIAMGVVGGVLGAVFNALNYWLTMFRIRYIHRPCLQVIEAVLVAAVTATVAFVLIYSSRDCQPLQGGSMSYPLQLFCADGEYNSMAAAFFNTPEKSVVSLFHDPPGSYNPLTLGLFTLVYFFLACWTYGLTVSAGVFIPSLLIGAAWGRLFGISLSYLTGAAIWADPGKYALMGAAAQLGGIVRMTLSLTVIMMEATSNVTYGFPIMLVLMTAKIVGDVFIEGLYDMHIQLQSVPFLHWEAPVTSHSLTAREVMSTPVTCLRRREKVGVIVDVLSDTASNHNGFPVVEHADDTQPARLQGLILRSQLIVLLKHKVFVERSNLGLVQRRLRLKDFRDAYPRFPPIQSIHVSQDERECTMDLSEFMNPSPYTVPQEASLPRVFKLFRALGLRHLVVVDNRNQVVGLVTRKDLARYRLGKRGLEELSLAQT,1
seq_3032,MAWSIALLTPPFFGPGRHVQAKEYREPRGCVMKMSSLKAPVLRIQATEYREPRGRVKMMSSLQAPLLTIQSFSGLRAPSALDYLGRPSPGFLVKYKLAKSSGREKASRCVPKAMFERFTEKAIKVIMLSQEEARRLGHNFVGTEQILLGLIGEGTGIAAKVLKSMGINLKDSRVEVEKIIGRGSGFVAVEIPFTPRAKRVLELSLEEARQLGHNYIGSEHLLLGLLREGEGVAARVLENLGADPSNIRTQVIRMVGENNEVTASVGGGSSGNSKMPTLEEYGTNLTKLAEEGKLDPVVGRQPQIERVVQILARRTKNNPCLIGEPGVGKTAIAEGLAQRIASGDVPETIEGKTVITLDMGLLVAGTKYRGEFEERLKKLMEEIRQSDEIILFIDEVHTLIGAGAAEGAIDAANILKPALARGELQCIGATTIDEYRKHIEKDPALERRFQPVKVPEPTVEEAIQILQGLRERYEIHHKLRYTDEALVAAAQLSHQYISDRFLPDKAIDLIDEAGSRVRLRHAQLPEEARELEKQLRQITKEKNEAVRSQDFEMAGSHRDREIELKAEIANVLSRGKEVAKAENEAEEGGPTVTESDIQHIVATWTGIPVEKVSSDESSRLLQMEQTLHTRVIGQDEAVKAISRAIRRARVGLKNPNRPIASFIFSGPTGVGKSELAKALAAYYFGSEEAMIRLDMSEFMERHTVSKLIGSPPGYVGYTEGGQLTEAVRRRPYTLVLFDEIEKAHPDVFNMMLQILEDGRLTDSKGRTVDFKNTLLIMTSNVGSSVIEKGGRRIGFDLDHDEKDSSYNRIKSLVTEELKQYFRPEFLNRLDEMIVFRQLTKLEVKEIADIMLKEVVARLEVKEIELQVTERFKERVVDEGFDPSYGARPLRRAIMRLLEDSMAEKMLSRDIKEGDSVIVDVDAEGSVVVLSGTTGRVGGFAAEEAMEDPIPIL,1
seq_2152,MGNSESQYTFQGSKNHSNTVTGAKQKPCSLKIRSVHAKDEKSLHGWTHGSSGAGYKSRSLARSCLSHFKNHQPYATRLSGPTCKVSKGTTYSKHRANTPGNDFQGNSGAFLPENGFHYVDRESEESHITSNGHLLTCYGRKESLASTPPGEDHRSPRVLIKTLGKLDGCLRVEFHNGGNPHKGTSEDPSGPVRLLRYSPTLASETCPVRETRRHSAAGSPSSQRPSPTDSRLRSSKGSSLSSESSWYDSPWGNAGEVSEVEGSFLAPSTPDPSLPSSFPPSDTKKPFNQSSSLSSLRELYKDPNLGCRSPSGTCLSSNEYISSQVSLNNRVSFASDMDVPSRVDHRDPLHYSSFTLPCRKSKALTEDAAKKDTLKARMRRFSDWTGSLSRKKRKLQEPRSMEGSEYFDSHSDGLNAEGQVPAQTSSLLWSGGSAQTLPHRSESTHAISVDPLRQNIYENFMRELEMSRSNTEHVETSTETMESSSESVSSLEQLDLLFEKEQGVVRKAGWLFFKPLVTLQKERKLELVARRKWKQYWVTLKGCTLLFYETYGKNSTEQNSAPRCALFAEDSIVQSVPEHPKKEHVFCLSNSCGDVYLFQATSQTDLENWVTAIHSACASLFAKKHGKEDTVRLLKSQTRSLLQKIDMDSKMKKMAELQLSVVSDPKNRKAIENQIRQWEQNLEKFHMDLFRMRCYLASLQGGELPNPKSLLAATSRPSKLALGRLGVLSVSSFHALVCSRDDSTLRKRTLSLTQRGKSKKGIFSSLKGLDTLARKGREKRASITQMFDSSHSHGFLGTQLPQKSTNSNKAHDLHLYGSAVDSALRDSMWEVQTYVHFQDNEGVTVTIKPEHRVEDVLALVCKMRQLEPTHYGLQLRKVVDKSVEWCVPALYEYMQEQVYDEIEVFPLSVYDVQLTKTGDMTDFGFAVTVQVDEHQHLNRIFISDVLPDSLAYGGGLRKGNEITSLNGEPVSDLDIQQMEALFSEKSVGLTLVARPVTTRRTLCASWSDSDLFSRDQKSLPPSPNQSQLLEEFLDNFRKTATSDFSNVPEITTGLKRSQTEGTLDQVPHREKMEQTFLSADQIAELCRDLNNTHTNSMEAPTESHDPPPRPLARHLSDADRLRKVIQELVDTEKSYVKDLSCLFELYLEPLQNETFLTQDEMESLFGSLPEMLEFQKVFLETLEDAISASSDFSVLETPSQFRKLLFSLGGSFLYYADHFKLYSGFCANHIKVQRVLERAKTDKAFKAFLDARNPTKQHSSTLESYLIKPVQRVLKYPLLLKELVSLTDHESEEHYHLTEALKAMEKVASHINEMQKIYEDYGMVFDQLVAEQSGTEKEVTELSMGELLMHSTVSWLNPFLSLGKARKDIELTVFVFKRAVILVYKENCKLKKKLPSNSRPAHNSADLDPFKFRWLIPISALQVRLGNTAGTENNSTWELIHTKSEIEGRPETIFQLCCSDSENKTSIVKVIRSILRENFRRHIKCELPLEKTCKDRLVPLKNRVPVSAKLASSRSLKGLRTSSSSEWPSEPSKGNSLDSDECSLSSGTQSSGCPVAESRRDSKSTELEKDAQEGLAEFPDGLIKESDILSDEDEDFHHPLKQGSPTKDIEIQFQRLKISEESDVHPVGQQPLTESGEQPKLVRGHFCPIKRKANSTKRGRGTLLKAQTRHQSLDSHPETASIDLNLVLEREFSVQSLTSVVNEEGFYETQSHGKS,1
seq_5225,MFLGAAMAQVSLCMIVRDEAELLPRCLASVKDQVDELIVLDTGSRDRTPAIATEAGAKLLHTDWADDFSAARNQAIAAATGDWILVLDADEELILEAWTELRSQLDQPEALAFTVLREETQAGQVPYSRLSRLFRNRPDIRFQRPYHELVDDSLLALQQQEPNWRITAWPTPVIRHYGYGRDRLQQRGTAERMRQSLETWLADHPEDAYLCSKLGGLLVQEGDLKAAQRWLKQGLKQGRPEPAVRYELLYHLALLERRQGDLDAAIDRYQAALQEPVDAIHKLGAWVNLSHLYRDRGQLGLAYDAARQAVAAAPQATVALTALGLAARAIGNYPEAIAAYQQALQLDPNDPSLYQNLGAVLFQVGQLEASYAAFRQAIAGYEQQGSPEAQRLELRLQAMGIRL,0
seq_8208,MASLPCIPSNFKPGSPPRGLPLACKAFGAGASLAAQERWLMPWRDGGLGFSLLLVLAGTRTAEVEGISAAGATSAARRFTAVADAELLLKGPDRPRLCSLPPLPAGISPALISYVAARWIGVDPLVAAVGLTLSPPFPHLRLEVPGMGPAACLSTGEAMGLSRVHALWQRGFCLGRGLRRPLVLAECVPGGTTTAQAVLTGLGLQVADLISGSARQAPMILKQELVDRGLSKAALGFNPPPQRVIAALGDPFQPVAVGLLLGAREAGQPVMLGGGSQMVAVLALALAAMEPSHRQDMVDGIVLGTTSWLAEEAKRSDGRPGALECLIDCVGEFFGVRLLGLATGLRFNNSQHRALQDYELGYVKEGVGAGALALLAQLQGASCEQLLEACDQAMNQLLGTSYS,0
seq_5899,MFFTAILKSFKQAFIFKYKMTIFKSGHLVEALSSCPFSGHYDGFTKIYKGKKISTIKTPFIGSVILEYGNK,0
seq_2584,MANVPWAEVCEKFQAALALSRVELHKNPEKEPYKSKYSARALLEEVKALLGPAPEDEDERPEAEDGPGAGDHALGLPAEVVEPEGPVAQRAVRLAVIEFHLGVNHIDTEELSAGEEHLVKCLRLLRRYRLSHDCISLCIQAQNNLGILWSEREEIETAQAYLESSEALYNQYMKEVGSPPLDPTERFLPEEEKLTEQERSKRFEKVYTHNLYYLAQVYQHLEMFEKAAHYCHSTLKRQLEHNAYHPIEWAINAATLSQFYINKLCFMEARHCLSAANVIFGQTGKISATEDTPEAEGEVPELYHQRKGEIARCWIKYCLTLMQNAQLSMQDNIGELDLDKQSELRALRKKELDEEESIRKKAVQFGTGELCDAISAVEEKVSYLRPLDFEEARELFLLGQHYVFEAKEFFQIDGYVTDHIEVVQDHSALFKVLAFFETDMERRCKMHKRRIAMLEPLTVDLNPQYYLLVNRQIQFEIAHAYYDMMDLKVAIADRLRDPDSHIVKKINNLNKSALKYYQLFLDSLRDPNKVFPEHIGEDVLRPAMLAKFRVARLYGKIITADPKKELENLATSLEHYKFIVDYCEKHPEAAQEIEVELELSKEMVSLLPTKMERFRTKMALT,1
seq_3113,MAINNENELEYKLIKKNKNPKISNSKKKNSTRPALQDKTNQTLPIHQNQAFSNILPSDFSIIKTPETKTADDFPVNGYEGLNILKFDLELFYKLKPVATSTPKSCMRTGSNLFLNETVKHVPDERLVSNIKNTQTKDSITRDSAYYHRKTMTESIIKTLAAFDAEVDEIILF,1
seq_2169,MAAAVAAAGAGEPLSPEELVPKAEAEKAEEDLEEDDDDELDETLSERLWGLTEMFPERVRSAAGATFDLSLFVAQKMYRFSRAALWIGTTSFMILVLPVVFETEKLQMEQQQQLQQRQILLGPNTGLSGGMPGALPPLPGKI,1
seq_8086,MFNPANQTHFSLSLDGLRHDLQVLEFSGHEGISRPYRFELELVSERAGLDLEALMHRPAFLAFTPQGQGVHGLVYGAAQGDAGKRLTRYRLTLVPHLAYLAQRNNQRIFQHLTVPQIVALILEEHGILADAYRFQLGTRYPEREYCVQYDESDLHFVQRLCAEEGIHFHFRHSAEAHLLVFGDDQTVFPRLGRPTAYVHDSGLVADEPVIKRFSLRLASRTTRTTRRDYDFEKPRLLLEAGNRPAADAPAEPDLEDYDYPGRFVDRQRGKLLSQRALERHRADRRLGEGVSDQPLLVSGHFLEIAEHPRAEWNDLWLLSEVFHEGKQPQVLEENVTSDTSASTDDFQQGYRNRFLATPWEVFFRPPLEHPKPRVLGSQTAVVTGPPGEEIHCDRYGRVRVQFHWDREGQGDDKSSCWLRVASGWAGNGYGGIVIPRVGMEVLVDFLEGDPDQPLVSGCVYHAAHPVPYELPANQTRSVFKSLSSPGGDGYNELRIEDRKGQEQIFVHAQRDWDENIEHDQKIRVGHERHDTVEANSYSEFKAEEHHTVHGERKVELKADDHLTVGDSQHVKLGRAYLARAGREIHLKAGQKMVIEADSELTVKAGGSFIRLDASGIAISGPLARINAGGAPGSGSGIAIKMPLTPGAADADVAGRPLQPANAGLHASDPKQNGEYRFDIRLQDIPGDEGFPLIHTPWRIVQGKEHNLVLEGESDEKGRLVLDDTQQRQLSNACERAPGDVWLVYPGQRIGIRPHREREGWDATRHALGALDFHDTLGGQRAPTPLEHQRGKLDSCCEGDLYSHLLAKD,0
seq_1728,MKVITCEIAWHNKEPVYSLDFQHGTAGRIHRLASAGVDTNVRIWKVEKGPDGKAIVEFLSNLARHTKAVNVVRFSPTGEILASGGDDAVILLWKVNDNKEPEQIAFQDEDEAQLNKENWTVVKTLRGHLEDVYDICWATDGNLMASASVDNTAIIWDVSKGQKISIFNEHKSYVQGVTWDPLGQYVATLSCDRVLRVYSIQKKRVAFNVSKMLSGIGAEGEARSYRMFHDDSMKSFFRRLSFTPDGSLLLTPAGCVESGENVMNTTYVFSRKNLKRPIAHLPCPGKATLAVRCCPVYFELRPVVETGVELMSLPYRLVFAVASEDSVLLYDTQQSFPFGYVSNIHYHTLSDISWSSDGAFLAISSTDGYCSFVTFEKDELGIPLKEKPVLNMRTPDTAKKTKSQTHRGSSPGPRPVEGTPASRTQDPSSPGTTPPQARQAPAPTVIRDPPSITPAVKSPLPGPSEEKTLQPSSQNTKAHPSRRVTLNTLQAWSKTTPRRINLTPLKTDTPPSSVPTSVISTPSTEEIQSETPGDAQGSPPELKRPRLDENKGGTESLDP,1
seq_11348,MGDTASVSEHHESPTVTIVPLHRSHALVAEQQLFQWLKRFKLLMEVYHGLVWQLACTLTVCLLAWLAFPDVQGQCANGIVPALSSIVPVSTLAMLRGFAEFRPHTTNFAHLTVACLLINTGITVCTGFCGERRVIGLSFALVMVFFVLCSGLTYLAGNNPTRWKVIGIGYGWSVIVFYLLLYFSPVLWVSKIYSGLYVLVVTAASAVLIYETLDLIYQRGTLSKNSVCVSVVLYTIVMSLLNMSVAIFSGHVWVQQYAEKHGGRIDGVSLLSLL,0
seq_8286,MTVGYDEEIPFEQVRAHNKPDDAWCAIHGHVYDVTKFASVHPGGDIILLAAGKEATVLYETYHVRGVSDAVLRKYRIGKLPDGQGGANEKEKRTLSGLSSASYYTWNSDFYRVMRERVVARLKERGKARRGGYELWIKAFLLLVGFWSSLYWMCTLDPSFGAILAAMSLGVFAAFVGTCIQHDGNHGAFAQSRWVNKVAGWTLDMIGASGMTWEFQHVLGHHPYTNLIEEENGLQKVSGKKMDTKLADQESDPDVFSTYPMMRLHPWHQKRWYHRFQHIYGPFIFGFMTINKVVTQDVGVVLRKRLFQIDAECRYASPMYVARFWIMKALTVLYMVALPCYMQGPWHGLKLFAIAHFTCGEVLATMFIVNHIIEGVSYASKDAVKGTMAPPKTMHGVTPMNNTRKEVEAEASKSGAVVKSVPLDDWAVVQCQTSVNWSVGSWFWNHFSGGLNHQIEHHLFPGLSHETYYHIQDVFQSTCAEYGVPYQHEPSLWTAYWKMLEHLRQLGNEETHESWQRAA,0
seq_6154,MPSTGTLVIIFAIVLILCIMLLFFYKTVEAGKPSVLPPPIPPPTPPPSKKKYDHNEYMEKTDLEPEVKKNHRKWANEAEHLISSSVKGLENLDEAAFLANHKGHGFRTFEHAKSLFKEFLKKY,0
seq_1133,MGSDGSSLSPKVSQPGHTEIVDHVSEKVITNGKNVNKKVNAEVDGKSMVEKVKTHEENAEDYHYGGYHPVYIGEEFHHRRYVVERKLGWGHFSTVWLAYDRAAKRRVALKVVRSAEHYRETSIDEIRILQKIREGDEKHLGKKHIISLLDYFVHRGPNGAHVCMVFEVLGENLLSLIQSYGHRGVPVGIVKQIAYQLLIALDYLHRECGIIHTDLKPENVLICIDQDALQHIEAPATTSSPTSNTSSSKTRNNTGYTAKAPIIKRGQSVDNSAQERKTFAKNPTKNSKPAGQVIPSSPFTSTLSRFPSLEGAVSEISLRDSQKHNSHPNSPFSSGDNSLILDGVNGSQEPVPKITVKIADLGNACWTRKHFTNDVQTRQYRSPEVILGCRWGASADCWSFACIIFELLTGDYLFDPRNGNSYSKEDDHIAQIIELLVNYPKQMALSGKHSRDLFNRRGELRNIHKLKFWPLKDVLEQKYHFSAELAQQISDFLSPMLCFDPAKRTNAGYMSNSPWLREVADPTFKIETTGATGEDVPGWATEIR,1
